{
  "misos": {
    "precision": 0.7258064516129032,
    "recall": 0.7653061224489796,
    "f1-score": 0.7450331125827815,
    "support": 294,
    "confused_with": {
      "no_misos": 69
    }
  },
  "no_misos": {
    "precision": 0.7976539589442815,
    "recall": 0.7619047619047619,
    "f1-score": 0.7793696275071632,
    "support": 357,
    "confused_with": {
      "misos": 85
    }
  },
  "accuracy": 0.7634408602150538,
  "macro avg": {
    "precision": 0.7617302052785924,
    "recall": 0.7636054421768708,
    "f1-score": 0.7622013700449723,
    "support": 651
  },
  "weighted avg": {
    "precision": 0.7652066975688203,
    "recall": 0.7634408602150538,
    "f1-score": 0.763862814315507,
    "support": 651
  },
  "micro avg": {
    "precision": 0.7634408602150538,
    "recall": 0.7634408602150538,
    "f1-score": 0.7634408602150538,
    "support": 651
  }
}