{
  "no_misos": {
    "precision": 0.7750759878419453,
    "recall": 0.7142857142857143,
    "f1-score": 0.7434402332361516,
    "support": 357,
    "confused_with": {
      "misos": 102
    }
  },
  "misos": {
    "precision": 0.6832298136645962,
    "recall": 0.7482993197278912,
    "f1-score": 0.7142857142857143,
    "support": 294,
    "confused_with": {
      "no_misos": 74
    }
  },
  "accuracy": 0.7296466973886329,
  "macro avg": {
    "precision": 0.7291529007532708,
    "recall": 0.7312925170068028,
    "f1-score": 0.7288629737609329,
    "support": 651
  },
  "weighted avg": {
    "precision": 0.7335970704715297,
    "recall": 0.7296466973886329,
    "f1-score": 0.7302736762907929,
    "support": 651
  },
  "micro avg": {
    "precision": 0.7296466973886329,
    "recall": 0.7296466973886329,
    "f1-score": 0.7296466973886329,
    "support": 651
  }
}