{
  "misos": {
    "precision": 0.7103448275862069,
    "recall": 0.7006802721088435,
    "f1-score": 0.7054794520547945,
    "support": 294,
    "confused_with": {
      "no_misos": 88
    }
  },
  "no_misos": {
    "precision": 0.7562326869806094,
    "recall": 0.7647058823529411,
    "f1-score": 0.7604456824512534,
    "support": 357,
    "confused_with": {
      "misos": 84
    }
  },
  "accuracy": 0.7357910906298003,
  "macro avg": {
    "precision": 0.7332887572834081,
    "recall": 0.7326930772308924,
    "f1-score": 0.732962567253024,
    "support": 651
  },
  "weighted avg": {
    "precision": 0.7355091375766857,
    "recall": 0.7357910906298003,
    "f1-score": 0.73562222356253,
    "support": 651
  },
  "micro avg": {
    "precision": 0.7357910906298003,
    "recall": 0.7357910906298003,
    "f1-score": 0.7357910906298003,
    "support": 651
  }
}