{
  "misos": {
    "precision": 0.6237623762376238,
    "recall": 0.6428571428571429,
    "f1-score": 0.6331658291457286,
    "support": 294,
    "confused_with": {
      "no_misos": 105
    }
  },
  "no_misos": {
    "precision": 0.6982758620689655,
    "recall": 0.680672268907563,
    "f1-score": 0.6893617021276596,
    "support": 357,
    "confused_with": {
      "misos": 114
    }
  },
  "accuracy": 0.663594470046083,
  "macro avg": {
    "precision": 0.6610191191532946,
    "recall": 0.661764705882353,
    "f1-score": 0.6612637656366941,
    "support": 651
  },
  "weighted avg": {
    "precision": 0.6646246104031982,
    "recall": 0.663594470046083,
    "f1-score": 0.6639829207809811,
    "support": 651
  },
  "micro avg": {
    "precision": 0.663594470046083,
    "recall": 0.663594470046083,
    "f1-score": 0.663594470046083,
    "support": 651
  }
}