{
  "no_misos": {
    "precision": 0.7368421052631579,
    "recall": 0.7058823529411765,
    "f1-score": 0.721030042918455,
    "support": 357,
    "confused_with": {
      "misos": 105
    }
  },
  "misos": {
    "precision": 0.6601941747572816,
    "recall": 0.6938775510204082,
    "f1-score": 0.6766169154228856,
    "support": 294,
    "confused_with": {
      "no_misos": 90
    }
  },
  "accuracy": 0.7004608294930875,
  "macro avg": {
    "precision": 0.6985181400102197,
    "recall": 0.6998799519807923,
    "f1-score": 0.6988234791706702,
    "support": 651
  },
  "weighted avg": {
    "precision": 0.7022269108411492,
    "recall": 0.7004608294930875,
    "f1-score": 0.700972501468843,
    "support": 651
  },
  "micro avg": {
    "precision": 0.7004608294930875,
    "recall": 0.7004608294930875,
    "f1-score": 0.7004608294930875,
    "support": 651
  }
}