{
  "misos": {
    "precision": 0.6815476190476191,
    "recall": 0.7789115646258503,
    "f1-score": 0.726984126984127,
    "support": 294,
    "confused_with": {
      "no_misos": 65
    }
  },
  "no_misos": {
    "precision": 0.7936507936507936,
    "recall": 0.7002801120448179,
    "f1-score": 0.744047619047619,
    "support": 357,
    "confused_with": {
      "misos": 107
    }
  },
  "accuracy": 0.7357910906298003,
  "macro avg": {
    "precision": 0.7375992063492063,
    "recall": 0.739595838335334,
    "f1-score": 0.735515873015873,
    "support": 651
  },
  "weighted avg": {
    "precision": 0.7430235535074244,
    "recall": 0.7357910906298003,
    "f1-score": 0.7363415258576548,
    "support": 651
  },
  "micro avg": {
    "precision": 0.7357910906298003,
    "recall": 0.7357910906298003,
    "f1-score": 0.7357910906298003,
    "support": 651
  }
}