{
  "misos": {
    "precision": 0.6897689768976898,
    "recall": 0.7108843537414966,
    "f1-score": 0.7001675041876048,
    "support": 294,
    "confused_with": {
      "no_misos": 85
    }
  },
  "no_misos": {
    "precision": 0.7557471264367817,
    "recall": 0.7366946778711485,
    "f1-score": 0.7460992907801418,
    "support": 357,
    "confused_with": {
      "misos": 94
    }
  },
  "accuracy": 0.7250384024577573,
  "macro avg": {
    "precision": 0.7227580516672357,
    "recall": 0.7237895158063226,
    "f1-score": 0.7231333974838733,
    "support": 651
  },
  "weighted avg": {
    "precision": 0.725950542773966,
    "recall": 0.7250384024577573,
    "f1-score": 0.725355903286738,
    "support": 651
  },
  "micro avg": {
    "precision": 0.7250384024577573,
    "recall": 0.7250384024577573,
    "f1-score": 0.7250384024577573,
    "support": 651
  }
}