{
  "misos": {
    "precision": 0.6535947712418301,
    "recall": 0.6802721088435374,
    "f1-score": 0.6666666666666666,
    "support": 294,
    "confused_with": {
      "no_misos": 94
    }
  },
  "no_misos": {
    "precision": 0.7275362318840579,
    "recall": 0.7030812324929971,
    "f1-score": 0.715099715099715,
    "support": 357,
    "confused_with": {
      "misos": 106
    }
  },
  "accuracy": 0.6927803379416283,
  "macro avg": {
    "precision": 0.6905655015629439,
    "recall": 0.6916766706682673,
    "f1-score": 0.6908831908831908,
    "support": 651
  },
  "weighted avg": {
    "precision": 0.6941433141746646,
    "recall": 0.6927803379416283,
    "f1-score": 0.6932267254847899,
    "support": 651
  },
  "micro avg": {
    "precision": 0.6927803379416283,
    "recall": 0.6927803379416283,
    "f1-score": 0.6927803379416283,
    "support": 651
  }
}