{
  "misos": {
    "precision": 0.6319018404907976,
    "recall": 0.7006802721088435,
    "f1-score": 0.6645161290322581,
    "support": 294,
    "confused_with": {
      "no_misos": 88
    }
  },
  "no_misos": {
    "precision": 0.7292307692307692,
    "recall": 0.6638655462184874,
    "f1-score": 0.6950146627565983,
    "support": 357,
    "confused_with": {
      "misos": 120
    }
  },
  "accuracy": 0.6804915514592934,
  "macro avg": {
    "precision": 0.6805663048607834,
    "recall": 0.6822729091636655,
    "f1-score": 0.6797653958944282,
    "support": 651
  },
  "weighted avg": {
    "precision": 0.685275769154653,
    "recall": 0.6804915514592934,
    "f1-score": 0.6812411313972189,
    "support": 651
  },
  "micro avg": {
    "precision": 0.6804915514592934,
    "recall": 0.6804915514592934,
    "f1-score": 0.6804915514592934,
    "support": 651
  }
}