{
  "misos": {
    "precision": 0.6655737704918033,
    "recall": 0.6904761904761905,
    "f1-score": 0.6777963272120201,
    "support": 294,
    "confused_with": {
      "no_misos": 91
    }
  },
  "no_misos": {
    "precision": 0.7369942196531792,
    "recall": 0.7142857142857143,
    "f1-score": 0.725462304409673,
    "support": 357,
    "confused_with": {
      "misos": 102
    }
  },
  "accuracy": 0.7035330261136713,
  "macro avg": {
    "precision": 0.7012839950724913,
    "recall": 0.7023809523809523,
    "f1-score": 0.7016293158108465,
    "support": 651
  },
  "weighted avg": {
    "precision": 0.7047398232577191,
    "recall": 0.7035330261136713,
    "f1-score": 0.7039357340623459,
    "support": 651
  },
  "micro avg": {
    "precision": 0.7035330261136713,
    "recall": 0.7035330261136713,
    "f1-score": 0.7035330261136713,
    "support": 651
  }
}