{
  "misos": {
    "precision": 0.6558823529411765,
    "recall": 0.7585034013605442,
    "f1-score": 0.7034700315457413,
    "support": 294,
    "confused_with": {
      "no_misos": 71
    }
  },
  "no_misos": {
    "precision": 0.7717041800643086,
    "recall": 0.6722689075630253,
    "f1-score": 0.718562874251497,
    "support": 357,
    "confused_with": {
      "misos": 117
    }
  },
  "accuracy": 0.7112135176651305,
  "macro avg": {
    "precision": 0.7137932665027426,
    "recall": 0.7153861544617848,
    "f1-score": 0.7110164528986191,
    "support": 651
  },
  "weighted avg": {
    "precision": 0.7193975484603136,
    "recall": 0.7112135176651305,
    "f1-score": 0.7117467517392203,
    "support": 651
  },
  "micro avg": {
    "precision": 0.7112135176651305,
    "recall": 0.7112135176651305,
    "f1-score": 0.7112135176651305,
    "support": 651
  }
}