{
  "misos": {
    "precision": 0.6758893280632411,
    "recall": 0.5816326530612245,
    "f1-score": 0.6252285191956124,
    "support": 294,
    "confused_with": {
      "no_misos": 123
    }
  },
  "no_misos": {
    "precision": 0.6909547738693468,
    "recall": 0.7703081232492998,
    "f1-score": 0.728476821192053,
    "support": 357,
    "confused_with": {
      "misos": 82
    }
  },
  "accuracy": 0.685099846390169,
  "macro avg": {
    "precision": 0.6834220509662939,
    "recall": 0.6759703881552621,
    "f1-score": 0.6768526701938327,
    "support": 651
  },
  "weighted avg": {
    "precision": 0.6841510241504604,
    "recall": 0.685099846390169,
    "f1-score": 0.6818485557743057,
    "support": 651
  },
  "micro avg": {
    "precision": 0.685099846390169,
    "recall": 0.685099846390169,
    "f1-score": 0.685099846390169,
    "support": 651
  }
}