{
  "no_misos": {
    "precision": 0.7275449101796407,
    "recall": 0.680672268907563,
    "f1-score": 0.703328509406657,
    "support": 357,
    "confused_with": {
      "misos": 114
    }
  },
  "misos": {
    "precision": 0.6403785488958991,
    "recall": 0.6904761904761905,
    "f1-score": 0.6644844517184944,
    "support": 294,
    "confused_with": {
      "no_misos": 91
    }
  },
  "accuracy": 0.685099846390169,
  "macro avg": {
    "precision": 0.6839617295377699,
    "recall": 0.6855742296918768,
    "f1-score": 0.6839064805625756,
    "support": 651
  },
  "weighted avg": {
    "precision": 0.6881794566966606,
    "recall": 0.685099846390169,
    "f1-score": 0.6857860317410353,
    "support": 651
  },
  "micro avg": {
    "precision": 0.685099846390169,
    "recall": 0.685099846390169,
    "f1-score": 0.685099846390169,
    "support": 651
  }
}