{
  "misos": {
    "precision": 0.6424050632911392,
    "recall": 0.6904761904761905,
    "f1-score": 0.6655737704918032,
    "support": 294,
    "confused_with": {
      "no_misos": 91
    }
  },
  "no_misos": {
    "precision": 0.7283582089552239,
    "recall": 0.6834733893557423,
    "f1-score": 0.7052023121387283,
    "support": 357,
    "confused_with": {
      "misos": 113
    }
  },
  "accuracy": 0.6866359447004609,
  "macro avg": {
    "precision": 0.6853816361231815,
    "recall": 0.6869747899159664,
    "f1-score": 0.6853880413152658,
    "support": 651
  },
  "weighted avg": {
    "precision": 0.6895406593004759,
    "recall": 0.6866359447004609,
    "f1-score": 0.6873055513949556,
    "support": 651
  },
  "micro avg": {
    "precision": 0.6866359447004609,
    "recall": 0.6866359447004609,
    "f1-score": 0.6866359447004609,
    "support": 651
  }
}