{
  "no_misos": {
    "precision": 0.8014184397163121,
    "recall": 0.6330532212885154,
    "f1-score": 0.7073552425665101,
    "support": 357,
    "confused_with": {
      "misos": 131
    }
  },
  "misos": {
    "precision": 0.6449864498644986,
    "recall": 0.8095238095238095,
    "f1-score": 0.7179487179487178,
    "support": 294,
    "confused_with": {
      "no_misos": 56
    }
  },
  "accuracy": 0.7127496159754224,
  "macro avg": {
    "precision": 0.7232024447904053,
    "recall": 0.7212885154061625,
    "f1-score": 0.7126519802576139,
    "support": 651
  },
  "weighted avg": {
    "precision": 0.7307717346219448,
    "recall": 0.7127496159754224,
    "f1-score": 0.7121393927391201,
    "support": 651
  },
  "micro avg": {
    "precision": 0.7127496159754224,
    "recall": 0.7127496159754224,
    "f1-score": 0.7127496159754224,
    "support": 651
  }
}