{
  "no_misos": {
    "precision": 0.7237569060773481,
    "recall": 0.7338935574229691,
    "f1-score": 0.7287899860917941,
    "support": 357,
    "confused_with": {
      "misos": 95
    }
  },
  "misos": {
    "precision": 0.671280276816609,
    "recall": 0.6598639455782312,
    "f1-score": 0.6655231560891938,
    "support": 294,
    "confused_with": {
      "no_misos": 100
    }
  },
  "accuracy": 0.7004608294930875,
  "macro avg": {
    "precision": 0.6975185914469786,
    "recall": 0.6968787515006002,
    "f1-score": 0.6971565710904939,
    "support": 651
  },
  "weighted avg": {
    "precision": 0.7000577831854013,
    "recall": 0.7004608294930875,
    "f1-score": 0.7002178693164263,
    "support": 651
  },
  "micro avg": {
    "precision": 0.7004608294930875,
    "recall": 0.7004608294930875,
    "f1-score": 0.7004608294930875,
    "support": 651
  }
}