{
  "misos": {
    "precision": 0.7053941908713693,
    "recall": 0.5782312925170068,
    "f1-score": 0.6355140186915887,
    "support": 294,
    "confused_with": {
      "no_misos": 124
    }
  },
  "no_misos": {
    "precision": 0.697560975609756,
    "recall": 0.8011204481792717,
    "f1-score": 0.7457627118644068,
    "support": 357,
    "confused_with": {
      "misos": 71
    }
  },
  "accuracy": 0.7004608294930875,
  "macro avg": {
    "precision": 0.7014775832405626,
    "recall": 0.6896758703481393,
    "f1-score": 0.6906383652779977,
    "support": 651
  },
  "weighted avg": {
    "precision": 0.7010985566956459,
    "recall": 0.7004608294930875,
    "f1-score": 0.6959729794637792,
    "support": 651
  },
  "micro avg": {
    "precision": 0.7004608294930875,
    "recall": 0.7004608294930875,
    "f1-score": 0.7004608294930875,
    "support": 651
  }
}